accuracy,loss
0.985745906829834,0.039465390145778656
